name,email
John Doe,john.doe@email.com
Jane Smith,jane.smith@email.com
Robert Brown,robert.brown@email.com
Emily White,emily.white@email.com
Michael Green,michael.green@email.com
Linda Black,linda.black@email.com
David Blue,david.blue@email.com
Susan Gray,susan.gray@email.com
James Red,james.red@email.com
Patricia Yellow,patricia.yellow@email.com
